--------------------------------------------------------
--  파일이 생성됨 - 화요일-5월-05-2020   
--------------------------------------------------------
--------------------------------------------------------
--  DDL for Table SAMPLE_SCHOOL_SUBJECTS
--------------------------------------------------------

  CREATE TABLE "HR"."SAMPLE_SCHOOL_SUBJECTS" 
   (	"SUBJECT_NO" NUMBER(2,0), 
	"SUBJECT_TITLE" VARCHAR2(60 BYTE), 
	"DEPT_NO" NUMBER(3,0), 
	"SUBJECT_REGISTERED_DATE" DATE DEFAULT SYSDATE
   ) SEGMENT CREATION IMMEDIATE 
  PCTFREE 10 PCTUSED 40 INITRANS 1 MAXTRANS 255 NOCOMPRESS LOGGING
  STORAGE(INITIAL 65536 NEXT 1048576 MINEXTENTS 1 MAXEXTENTS 2147483645
  PCTINCREASE 0 FREELISTS 1 FREELIST GROUPS 1 BUFFER_POOL DEFAULT FLASH_CACHE DEFAULT CELL_FLASH_CACHE DEFAULT)
  TABLESPACE "USERS" ;
--------------------------------------------------------
--  DDL for Table SAMPLE_SCHOOL_COURSES
--------------------------------------------------------

  CREATE TABLE "HR"."SAMPLE_SCHOOL_COURSES" 
   (	"COURSE_NO" NUMBER(3,0), 
	"COURSE_TITLE" VARCHAR2(60 BYTE), 
	"DEPT_NO" NUMBER(3,0), 
	"SUBJECT_NO" NUMBER(2,0), 
	"PROF_NO" NUMBER(4,0), 
	"COURSE_STUDENT_COUNT" NUMBER(2,0) DEFAULT 5, 
	"COURSE_REGISTERABLE" CHAR(1 BYTE) DEFAULT 'Y', 
	"COURSE_REGISTERED_DATE" DATE DEFAULT SYSDATE
   ) SEGMENT CREATION IMMEDIATE 
  PCTFREE 10 PCTUSED 40 INITRANS 1 MAXTRANS 255 NOCOMPRESS LOGGING
  STORAGE(INITIAL 65536 NEXT 1048576 MINEXTENTS 1 MAXEXTENTS 2147483645
  PCTINCREASE 0 FREELISTS 1 FREELIST GROUPS 1 BUFFER_POOL DEFAULT FLASH_CACHE DEFAULT CELL_FLASH_CACHE DEFAULT)
  TABLESPACE "USERS" ;
--------------------------------------------------------
--  DDL for Table SAMPLE_SCHOOL_DEPTS
--------------------------------------------------------

  CREATE TABLE "HR"."SAMPLE_SCHOOL_DEPTS" 
   (	"DEPT_NO" NUMBER(3,0), 
	"DEPT_NAME" VARCHAR2(30 BYTE)
   ) SEGMENT CREATION IMMEDIATE 
  PCTFREE 10 PCTUSED 40 INITRANS 1 MAXTRANS 255 NOCOMPRESS LOGGING
  STORAGE(INITIAL 65536 NEXT 1048576 MINEXTENTS 1 MAXEXTENTS 2147483645
  PCTINCREASE 0 FREELISTS 1 FREELIST GROUPS 1 BUFFER_POOL DEFAULT FLASH_CACHE DEFAULT CELL_FLASH_CACHE DEFAULT)
  TABLESPACE "USERS" ;
--------------------------------------------------------
--  DDL for Table SAMPLE_SCHOOL_PROFS
--------------------------------------------------------

  CREATE TABLE "HR"."SAMPLE_SCHOOL_PROFS" 
   (	"PROF_NO" NUMBER(4,0), 
	"PROF_NAME" VARCHAR2(20 BYTE), 
	"PROF_POSITION" VARCHAR2(20 BYTE) DEFAULT 'PROFESSOR', 
	"DEPT_NO" NUMBER(3,0), 
	"PROF_REGISTERED_DATE" DATE DEFAULT SYSDATE
   ) SEGMENT CREATION IMMEDIATE 
  PCTFREE 10 PCTUSED 40 INITRANS 1 MAXTRANS 255 NOCOMPRESS LOGGING
  STORAGE(INITIAL 65536 NEXT 1048576 MINEXTENTS 1 MAXEXTENTS 2147483645
  PCTINCREASE 0 FREELISTS 1 FREELIST GROUPS 1 BUFFER_POOL DEFAULT FLASH_CACHE DEFAULT CELL_FLASH_CACHE DEFAULT)
  TABLESPACE "USERS" ;
--------------------------------------------------------
--  DDL for Table SAMPLE_SCHOOL_STUDENTS
--------------------------------------------------------

  CREATE TABLE "HR"."SAMPLE_SCHOOL_STUDENTS" 
   (	"STUDENT_NO" NUMBER(4,0), 
	"STUDENT_NAME" VARCHAR2(20 BYTE), 
	"STUDENT_YEAR" NUMBER(1,0) DEFAULT 1, 
	"DEPT_NO" NUMBER(3,0), 
	"STUDENT_REGISTERED_DATE" DATE DEFAULT SYSDATE
   ) SEGMENT CREATION IMMEDIATE 
  PCTFREE 10 PCTUSED 40 INITRANS 1 MAXTRANS 255 NOCOMPRESS LOGGING
  STORAGE(INITIAL 65536 NEXT 1048576 MINEXTENTS 1 MAXEXTENTS 2147483645
  PCTINCREASE 0 FREELISTS 1 FREELIST GROUPS 1 BUFFER_POOL DEFAULT FLASH_CACHE DEFAULT CELL_FLASH_CACHE DEFAULT)
  TABLESPACE "USERS" ;
--------------------------------------------------------
--  DDL for Table SAMPLE_SCHOOL_REGS
--------------------------------------------------------

  CREATE TABLE "HR"."SAMPLE_SCHOOL_REGS" 
   (	"REG_NO" NUMBER(3,0), 
	"COURSE_NO" NUMBER(3,0), 
	"STUDENT_NO" NUMBER(4,0), 
	"REG_CANCELED" CHAR(1 BYTE) DEFAULT 'N', 
	"REG_COMPLETED" CHAR(1 BYTE) DEFAULT 'N', 
	"REG_GRADE" NUMBER(3,0), 
	"REG_REGISTERED_DATE" DATE DEFAULT SYSDATE
   ) SEGMENT CREATION IMMEDIATE 
  PCTFREE 10 PCTUSED 40 INITRANS 1 MAXTRANS 255 NOCOMPRESS LOGGING
  STORAGE(INITIAL 65536 NEXT 1048576 MINEXTENTS 1 MAXEXTENTS 2147483645
  PCTINCREASE 0 FREELISTS 1 FREELIST GROUPS 1 BUFFER_POOL DEFAULT FLASH_CACHE DEFAULT CELL_FLASH_CACHE DEFAULT)
  TABLESPACE "USERS" ;
REM INSERTING into HR.SAMPLE_SCHOOL_SUBJECTS
SET DEFINE OFF;
Insert into HR.SAMPLE_SCHOOL_SUBJECTS (SUBJECT_NO,SUBJECT_TITLE,DEPT_NO,SUBJECT_REGISTERED_DATE) values (57,'현대시론',100,to_date('20/04/30','RR/MM/DD'));
Insert into HR.SAMPLE_SCHOOL_SUBJECTS (SUBJECT_NO,SUBJECT_TITLE,DEPT_NO,SUBJECT_REGISTERED_DATE) values (58,'현대시론',101,to_date('20/04/30','RR/MM/DD'));
Insert into HR.SAMPLE_SCHOOL_SUBJECTS (SUBJECT_NO,SUBJECT_TITLE,DEPT_NO,SUBJECT_REGISTERED_DATE) values (50,'국어교육론',100,to_date('20/04/30','RR/MM/DD'));
Insert into HR.SAMPLE_SCHOOL_SUBJECTS (SUBJECT_NO,SUBJECT_TITLE,DEPT_NO,SUBJECT_REGISTERED_DATE) values (51,'한국문학의이해',100,to_date('20/04/30','RR/MM/DD'));
Insert into HR.SAMPLE_SCHOOL_SUBJECTS (SUBJECT_NO,SUBJECT_TITLE,DEPT_NO,SUBJECT_REGISTERED_DATE) values (52,'영어교육론',101,to_date('20/04/30','RR/MM/DD'));
Insert into HR.SAMPLE_SCHOOL_SUBJECTS (SUBJECT_NO,SUBJECT_TITLE,DEPT_NO,SUBJECT_REGISTERED_DATE) values (53,'학교영문법',101,to_date('20/04/30','RR/MM/DD'));
Insert into HR.SAMPLE_SCHOOL_SUBJECTS (SUBJECT_NO,SUBJECT_TITLE,DEPT_NO,SUBJECT_REGISTERED_DATE) values (54,'수학교육론',102,to_date('20/04/30','RR/MM/DD'));
Insert into HR.SAMPLE_SCHOOL_SUBJECTS (SUBJECT_NO,SUBJECT_TITLE,DEPT_NO,SUBJECT_REGISTERED_DATE) values (55,'과학교육론',103,to_date('20/04/30','RR/MM/DD'));
Insert into HR.SAMPLE_SCHOOL_SUBJECTS (SUBJECT_NO,SUBJECT_TITLE,DEPT_NO,SUBJECT_REGISTERED_DATE) values (56,'체육교육론',104,to_date('20/04/30','RR/MM/DD'));
Insert into HR.SAMPLE_SCHOOL_SUBJECTS (SUBJECT_NO,SUBJECT_TITLE,DEPT_NO,SUBJECT_REGISTERED_DATE) values (70,'고전문학사',100,to_date('20/05/05','RR/MM/DD'));
REM INSERTING into HR.SAMPLE_SCHOOL_COURSES
SET DEFINE OFF;
Insert into HR.SAMPLE_SCHOOL_COURSES (COURSE_NO,COURSE_TITLE,DEPT_NO,SUBJECT_NO,PROF_NO,COURSE_STUDENT_COUNT,COURSE_REGISTERABLE,COURSE_REGISTERED_DATE) values (314,'시교육론',100,57,1001,5,'Y',to_date('20/04/30','RR/MM/DD'));
Insert into HR.SAMPLE_SCHOOL_COURSES (COURSE_NO,COURSE_TITLE,DEPT_NO,SUBJECT_NO,PROF_NO,COURSE_STUDENT_COUNT,COURSE_REGISTERABLE,COURSE_REGISTERED_DATE) values (307,'국어001',100,50,1000,2,'Y',to_date('20/04/30','RR/MM/DD'));
Insert into HR.SAMPLE_SCHOOL_COURSES (COURSE_NO,COURSE_TITLE,DEPT_NO,SUBJECT_NO,PROF_NO,COURSE_STUDENT_COUNT,COURSE_REGISTERABLE,COURSE_REGISTERED_DATE) values (308,'국어002',100,51,1001,5,'Y',to_date('20/04/30','RR/MM/DD'));
Insert into HR.SAMPLE_SCHOOL_COURSES (COURSE_NO,COURSE_TITLE,DEPT_NO,SUBJECT_NO,PROF_NO,COURSE_STUDENT_COUNT,COURSE_REGISTERABLE,COURSE_REGISTERED_DATE) values (309,'영어101',101,52,1002,5,'Y',to_date('20/04/30','RR/MM/DD'));
Insert into HR.SAMPLE_SCHOOL_COURSES (COURSE_NO,COURSE_TITLE,DEPT_NO,SUBJECT_NO,PROF_NO,COURSE_STUDENT_COUNT,COURSE_REGISTERABLE,COURSE_REGISTERED_DATE) values (310,'영어102',101,53,1002,5,'Y',to_date('20/04/30','RR/MM/DD'));
Insert into HR.SAMPLE_SCHOOL_COURSES (COURSE_NO,COURSE_TITLE,DEPT_NO,SUBJECT_NO,PROF_NO,COURSE_STUDENT_COUNT,COURSE_REGISTERABLE,COURSE_REGISTERED_DATE) values (311,'수학201',102,54,1003,5,'Y',to_date('20/04/30','RR/MM/DD'));
Insert into HR.SAMPLE_SCHOOL_COURSES (COURSE_NO,COURSE_TITLE,DEPT_NO,SUBJECT_NO,PROF_NO,COURSE_STUDENT_COUNT,COURSE_REGISTERABLE,COURSE_REGISTERED_DATE) values (312,'과학301',103,55,1004,5,'Y',to_date('20/04/30','RR/MM/DD'));
Insert into HR.SAMPLE_SCHOOL_COURSES (COURSE_NO,COURSE_TITLE,DEPT_NO,SUBJECT_NO,PROF_NO,COURSE_STUDENT_COUNT,COURSE_REGISTERABLE,COURSE_REGISTERED_DATE) values (313,'체육401',104,56,1006,5,'Y',to_date('20/04/30','RR/MM/DD'));
Insert into HR.SAMPLE_SCHOOL_COURSES (COURSE_NO,COURSE_TITLE,DEPT_NO,SUBJECT_NO,PROF_NO,COURSE_STUDENT_COUNT,COURSE_REGISTERABLE,COURSE_REGISTERED_DATE) values (320,'고전시가교육론',100,70,1001,5,'Y',to_date('20/05/05','RR/MM/DD'));
REM INSERTING into HR.SAMPLE_SCHOOL_DEPTS
SET DEFINE OFF;
Insert into HR.SAMPLE_SCHOOL_DEPTS (DEPT_NO,DEPT_NAME) values (100,'국어교육과');
Insert into HR.SAMPLE_SCHOOL_DEPTS (DEPT_NO,DEPT_NAME) values (101,'영어교육과');
Insert into HR.SAMPLE_SCHOOL_DEPTS (DEPT_NO,DEPT_NAME) values (102,'수학교육과');
Insert into HR.SAMPLE_SCHOOL_DEPTS (DEPT_NO,DEPT_NAME) values (103,'과학교육과');
Insert into HR.SAMPLE_SCHOOL_DEPTS (DEPT_NO,DEPT_NAME) values (104,'체육교육과');
Insert into HR.SAMPLE_SCHOOL_DEPTS (DEPT_NO,DEPT_NAME) values (106,'역사교육과');
REM INSERTING into HR.SAMPLE_SCHOOL_PROFS
SET DEFINE OFF;
Insert into HR.SAMPLE_SCHOOL_PROFS (PROF_NO,PROF_NAME,PROF_POSITION,DEPT_NO,PROF_REGISTERED_DATE) values (1000,'교수1','professor',100,to_date('20/04/30','RR/MM/DD'));
Insert into HR.SAMPLE_SCHOOL_PROFS (PROF_NO,PROF_NAME,PROF_POSITION,DEPT_NO,PROF_REGISTERED_DATE) values (1001,'교수2','associate',100,to_date('20/04/30','RR/MM/DD'));
Insert into HR.SAMPLE_SCHOOL_PROFS (PROF_NO,PROF_NAME,PROF_POSITION,DEPT_NO,PROF_REGISTERED_DATE) values (1002,'교수3','assistant',101,to_date('20/04/30','RR/MM/DD'));
Insert into HR.SAMPLE_SCHOOL_PROFS (PROF_NO,PROF_NAME,PROF_POSITION,DEPT_NO,PROF_REGISTERED_DATE) values (1003,'교수4','professor',102,to_date('20/04/30','RR/MM/DD'));
Insert into HR.SAMPLE_SCHOOL_PROFS (PROF_NO,PROF_NAME,PROF_POSITION,DEPT_NO,PROF_REGISTERED_DATE) values (1004,'교수5','assistant',103,to_date('20/04/30','RR/MM/DD'));
Insert into HR.SAMPLE_SCHOOL_PROFS (PROF_NO,PROF_NAME,PROF_POSITION,DEPT_NO,PROF_REGISTERED_DATE) values (1005,'교수6','professor',104,to_date('20/04/30','RR/MM/DD'));
Insert into HR.SAMPLE_SCHOOL_PROFS (PROF_NO,PROF_NAME,PROF_POSITION,DEPT_NO,PROF_REGISTERED_DATE) values (1006,'교수7','associate',104,to_date('20/04/30','RR/MM/DD'));
REM INSERTING into HR.SAMPLE_SCHOOL_STUDENTS
SET DEFINE OFF;
Insert into HR.SAMPLE_SCHOOL_STUDENTS (STUDENT_NO,STUDENT_NAME,STUDENT_YEAR,DEPT_NO,STUDENT_REGISTERED_DATE) values (2012,'학생01',1,100,to_date('20/04/30','RR/MM/DD'));
Insert into HR.SAMPLE_SCHOOL_STUDENTS (STUDENT_NO,STUDENT_NAME,STUDENT_YEAR,DEPT_NO,STUDENT_REGISTERED_DATE) values (2013,'학생02',2,100,to_date('20/04/30','RR/MM/DD'));
Insert into HR.SAMPLE_SCHOOL_STUDENTS (STUDENT_NO,STUDENT_NAME,STUDENT_YEAR,DEPT_NO,STUDENT_REGISTERED_DATE) values (2014,'학생03',3,100,to_date('20/04/30','RR/MM/DD'));
Insert into HR.SAMPLE_SCHOOL_STUDENTS (STUDENT_NO,STUDENT_NAME,STUDENT_YEAR,DEPT_NO,STUDENT_REGISTERED_DATE) values (2015,'학생04',4,100,to_date('20/04/30','RR/MM/DD'));
Insert into HR.SAMPLE_SCHOOL_STUDENTS (STUDENT_NO,STUDENT_NAME,STUDENT_YEAR,DEPT_NO,STUDENT_REGISTERED_DATE) values (2016,'학생11',1,101,to_date('20/04/30','RR/MM/DD'));
Insert into HR.SAMPLE_SCHOOL_STUDENTS (STUDENT_NO,STUDENT_NAME,STUDENT_YEAR,DEPT_NO,STUDENT_REGISTERED_DATE) values (2017,'학생12',2,102,to_date('20/04/30','RR/MM/DD'));
Insert into HR.SAMPLE_SCHOOL_STUDENTS (STUDENT_NO,STUDENT_NAME,STUDENT_YEAR,DEPT_NO,STUDENT_REGISTERED_DATE) values (2018,'학생21',1,102,to_date('20/04/30','RR/MM/DD'));
Insert into HR.SAMPLE_SCHOOL_STUDENTS (STUDENT_NO,STUDENT_NAME,STUDENT_YEAR,DEPT_NO,STUDENT_REGISTERED_DATE) values (2019,'학생22',2,102,to_date('20/04/30','RR/MM/DD'));
Insert into HR.SAMPLE_SCHOOL_STUDENTS (STUDENT_NO,STUDENT_NAME,STUDENT_YEAR,DEPT_NO,STUDENT_REGISTERED_DATE) values (2020,'학생23',3,102,to_date('20/04/30','RR/MM/DD'));
Insert into HR.SAMPLE_SCHOOL_STUDENTS (STUDENT_NO,STUDENT_NAME,STUDENT_YEAR,DEPT_NO,STUDENT_REGISTERED_DATE) values (2021,'학생31',1,103,to_date('20/04/30','RR/MM/DD'));
Insert into HR.SAMPLE_SCHOOL_STUDENTS (STUDENT_NO,STUDENT_NAME,STUDENT_YEAR,DEPT_NO,STUDENT_REGISTERED_DATE) values (2022,'학생32',2,103,to_date('20/04/30','RR/MM/DD'));
Insert into HR.SAMPLE_SCHOOL_STUDENTS (STUDENT_NO,STUDENT_NAME,STUDENT_YEAR,DEPT_NO,STUDENT_REGISTERED_DATE) values (2023,'학생41',1,104,to_date('20/04/30','RR/MM/DD'));
REM INSERTING into HR.SAMPLE_SCHOOL_REGS
SET DEFINE OFF;
Insert into HR.SAMPLE_SCHOOL_REGS (REG_NO,COURSE_NO,STUDENT_NO,REG_CANCELED,REG_COMPLETED,REG_GRADE,REG_REGISTERED_DATE) values (213,307,2012,'Y','N',0,to_date('20/05/01','RR/MM/DD'));
Insert into HR.SAMPLE_SCHOOL_REGS (REG_NO,COURSE_NO,STUDENT_NO,REG_CANCELED,REG_COMPLETED,REG_GRADE,REG_REGISTERED_DATE) values (209,307,2013,'N','N',null,to_date('20/04/30','RR/MM/DD'));
Insert into HR.SAMPLE_SCHOOL_REGS (REG_NO,COURSE_NO,STUDENT_NO,REG_CANCELED,REG_COMPLETED,REG_GRADE,REG_REGISTERED_DATE) values (210,307,2014,'N','N',null,to_date('20/04/30','RR/MM/DD'));
Insert into HR.SAMPLE_SCHOOL_REGS (REG_NO,COURSE_NO,STUDENT_NO,REG_CANCELED,REG_COMPLETED,REG_GRADE,REG_REGISTERED_DATE) values (220,307,2015,'Y','N',0,to_date('20/05/05','RR/MM/DD'));
--------------------------------------------------------
--  DDL for Index SYS_C007051
--------------------------------------------------------

  CREATE UNIQUE INDEX "HR"."SYS_C007051" ON "HR"."SAMPLE_SCHOOL_SUBJECTS" ("SUBJECT_NO") 
  PCTFREE 10 INITRANS 2 MAXTRANS 255 COMPUTE STATISTICS 
  STORAGE(INITIAL 65536 NEXT 1048576 MINEXTENTS 1 MAXEXTENTS 2147483645
  PCTINCREASE 0 FREELISTS 1 FREELIST GROUPS 1 BUFFER_POOL DEFAULT FLASH_CACHE DEFAULT CELL_FLASH_CACHE DEFAULT)
  TABLESPACE "USERS" ;
--------------------------------------------------------
--  DDL for Index SUBJECT_TITLE_AND_NO_UK
--------------------------------------------------------

  CREATE UNIQUE INDEX "HR"."SUBJECT_TITLE_AND_NO_UK" ON "HR"."SAMPLE_SCHOOL_SUBJECTS" ("SUBJECT_TITLE", "DEPT_NO") 
  PCTFREE 10 INITRANS 2 MAXTRANS 255 COMPUTE STATISTICS 
  STORAGE(INITIAL 65536 NEXT 1048576 MINEXTENTS 1 MAXEXTENTS 2147483645
  PCTINCREASE 0 FREELISTS 1 FREELIST GROUPS 1 BUFFER_POOL DEFAULT FLASH_CACHE DEFAULT CELL_FLASH_CACHE DEFAULT)
  TABLESPACE "USERS" ;
--------------------------------------------------------
--  DDL for Index SYS_C007057
--------------------------------------------------------

  CREATE UNIQUE INDEX "HR"."SYS_C007057" ON "HR"."SAMPLE_SCHOOL_COURSES" ("COURSE_NO") 
  PCTFREE 10 INITRANS 2 MAXTRANS 255 COMPUTE STATISTICS 
  STORAGE(INITIAL 65536 NEXT 1048576 MINEXTENTS 1 MAXEXTENTS 2147483645
  PCTINCREASE 0 FREELISTS 1 FREELIST GROUPS 1 BUFFER_POOL DEFAULT FLASH_CACHE DEFAULT CELL_FLASH_CACHE DEFAULT)
  TABLESPACE "USERS" ;
--------------------------------------------------------
--  DDL for Index COURSE_TITLE_UK
--------------------------------------------------------

  CREATE UNIQUE INDEX "HR"."COURSE_TITLE_UK" ON "HR"."SAMPLE_SCHOOL_COURSES" ("COURSE_TITLE") 
  PCTFREE 10 INITRANS 2 MAXTRANS 255 COMPUTE STATISTICS 
  STORAGE(INITIAL 65536 NEXT 1048576 MINEXTENTS 1 MAXEXTENTS 2147483645
  PCTINCREASE 0 FREELISTS 1 FREELIST GROUPS 1 BUFFER_POOL DEFAULT FLASH_CACHE DEFAULT CELL_FLASH_CACHE DEFAULT)
  TABLESPACE "USERS" ;
--------------------------------------------------------
--  DDL for Index SYS_C007039
--------------------------------------------------------

  CREATE UNIQUE INDEX "HR"."SYS_C007039" ON "HR"."SAMPLE_SCHOOL_DEPTS" ("DEPT_NO") 
  PCTFREE 10 INITRANS 2 MAXTRANS 255 COMPUTE STATISTICS 
  STORAGE(INITIAL 65536 NEXT 1048576 MINEXTENTS 1 MAXEXTENTS 2147483645
  PCTINCREASE 0 FREELISTS 1 FREELIST GROUPS 1 BUFFER_POOL DEFAULT FLASH_CACHE DEFAULT CELL_FLASH_CACHE DEFAULT)
  TABLESPACE "USERS" ;
--------------------------------------------------------
--  DDL for Index SCHOOL_DEPT_NAME_UK
--------------------------------------------------------

  CREATE UNIQUE INDEX "HR"."SCHOOL_DEPT_NAME_UK" ON "HR"."SAMPLE_SCHOOL_DEPTS" ("DEPT_NAME") 
  PCTFREE 10 INITRANS 2 MAXTRANS 255 COMPUTE STATISTICS 
  STORAGE(INITIAL 65536 NEXT 1048576 MINEXTENTS 1 MAXEXTENTS 2147483645
  PCTINCREASE 0 FREELISTS 1 FREELIST GROUPS 1 BUFFER_POOL DEFAULT FLASH_CACHE DEFAULT CELL_FLASH_CACHE DEFAULT)
  TABLESPACE "USERS" ;
--------------------------------------------------------
--  DDL for Index SYS_C007043
--------------------------------------------------------

  CREATE UNIQUE INDEX "HR"."SYS_C007043" ON "HR"."SAMPLE_SCHOOL_PROFS" ("PROF_NO") 
  PCTFREE 10 INITRANS 2 MAXTRANS 255 COMPUTE STATISTICS 
  STORAGE(INITIAL 65536 NEXT 1048576 MINEXTENTS 1 MAXEXTENTS 2147483645
  PCTINCREASE 0 FREELISTS 1 FREELIST GROUPS 1 BUFFER_POOL DEFAULT FLASH_CACHE DEFAULT CELL_FLASH_CACHE DEFAULT)
  TABLESPACE "USERS" ;
--------------------------------------------------------
--  DDL for Index SYS_C007048
--------------------------------------------------------

  CREATE UNIQUE INDEX "HR"."SYS_C007048" ON "HR"."SAMPLE_SCHOOL_STUDENTS" ("STUDENT_NO") 
  PCTFREE 10 INITRANS 2 MAXTRANS 255 COMPUTE STATISTICS 
  STORAGE(INITIAL 65536 NEXT 1048576 MINEXTENTS 1 MAXEXTENTS 2147483645
  PCTINCREASE 0 FREELISTS 1 FREELIST GROUPS 1 BUFFER_POOL DEFAULT FLASH_CACHE DEFAULT CELL_FLASH_CACHE DEFAULT)
  TABLESPACE "USERS" ;
--------------------------------------------------------
--  DDL for Index SYS_C007065
--------------------------------------------------------

  CREATE UNIQUE INDEX "HR"."SYS_C007065" ON "HR"."SAMPLE_SCHOOL_REGS" ("REG_NO") 
  PCTFREE 10 INITRANS 2 MAXTRANS 255 COMPUTE STATISTICS 
  STORAGE(INITIAL 65536 NEXT 1048576 MINEXTENTS 1 MAXEXTENTS 2147483645
  PCTINCREASE 0 FREELISTS 1 FREELIST GROUPS 1 BUFFER_POOL DEFAULT FLASH_CACHE DEFAULT CELL_FLASH_CACHE DEFAULT)
  TABLESPACE "USERS" ;
--------------------------------------------------------
--  DDL for Index SAMPLE_SCHOOL_REGS_UK
--------------------------------------------------------

  CREATE UNIQUE INDEX "HR"."SAMPLE_SCHOOL_REGS_UK" ON "HR"."SAMPLE_SCHOOL_REGS" ("COURSE_NO", "STUDENT_NO") 
  PCTFREE 10 INITRANS 2 MAXTRANS 255 COMPUTE STATISTICS 
  STORAGE(INITIAL 65536 NEXT 1048576 MINEXTENTS 1 MAXEXTENTS 2147483645
  PCTINCREASE 0 FREELISTS 1 FREELIST GROUPS 1 BUFFER_POOL DEFAULT FLASH_CACHE DEFAULT CELL_FLASH_CACHE DEFAULT)
  TABLESPACE "USERS" ;
--------------------------------------------------------
--  Constraints for Table SAMPLE_SCHOOL_SUBJECTS
--------------------------------------------------------

  ALTER TABLE "HR"."SAMPLE_SCHOOL_SUBJECTS" ADD CONSTRAINT "SUBJECT_TITLE_AND_NO_UK" UNIQUE ("SUBJECT_TITLE", "DEPT_NO")
  USING INDEX PCTFREE 10 INITRANS 2 MAXTRANS 255 COMPUTE STATISTICS 
  STORAGE(INITIAL 65536 NEXT 1048576 MINEXTENTS 1 MAXEXTENTS 2147483645
  PCTINCREASE 0 FREELISTS 1 FREELIST GROUPS 1 BUFFER_POOL DEFAULT FLASH_CACHE DEFAULT CELL_FLASH_CACHE DEFAULT)
  TABLESPACE "USERS"  ENABLE;
  ALTER TABLE "HR"."SAMPLE_SCHOOL_SUBJECTS" ADD PRIMARY KEY ("SUBJECT_NO")
  USING INDEX PCTFREE 10 INITRANS 2 MAXTRANS 255 COMPUTE STATISTICS 
  STORAGE(INITIAL 65536 NEXT 1048576 MINEXTENTS 1 MAXEXTENTS 2147483645
  PCTINCREASE 0 FREELISTS 1 FREELIST GROUPS 1 BUFFER_POOL DEFAULT FLASH_CACHE DEFAULT CELL_FLASH_CACHE DEFAULT)
  TABLESPACE "USERS"  ENABLE;
  ALTER TABLE "HR"."SAMPLE_SCHOOL_SUBJECTS" MODIFY ("SUBJECT_TITLE" CONSTRAINT "SUBJECT_TITLE_NN" NOT NULL ENABLE);
--------------------------------------------------------
--  Constraints for Table SAMPLE_SCHOOL_COURSES
--------------------------------------------------------

  ALTER TABLE "HR"."SAMPLE_SCHOOL_COURSES" ADD CONSTRAINT "COURSE_TITLE_UK" UNIQUE ("COURSE_TITLE")
  USING INDEX PCTFREE 10 INITRANS 2 MAXTRANS 255 COMPUTE STATISTICS 
  STORAGE(INITIAL 65536 NEXT 1048576 MINEXTENTS 1 MAXEXTENTS 2147483645
  PCTINCREASE 0 FREELISTS 1 FREELIST GROUPS 1 BUFFER_POOL DEFAULT FLASH_CACHE DEFAULT CELL_FLASH_CACHE DEFAULT)
  TABLESPACE "USERS"  ENABLE;
  ALTER TABLE "HR"."SAMPLE_SCHOOL_COURSES" ADD PRIMARY KEY ("COURSE_NO")
  USING INDEX PCTFREE 10 INITRANS 2 MAXTRANS 255 COMPUTE STATISTICS 
  STORAGE(INITIAL 65536 NEXT 1048576 MINEXTENTS 1 MAXEXTENTS 2147483645
  PCTINCREASE 0 FREELISTS 1 FREELIST GROUPS 1 BUFFER_POOL DEFAULT FLASH_CACHE DEFAULT CELL_FLASH_CACHE DEFAULT)
  TABLESPACE "USERS"  ENABLE;
  ALTER TABLE "HR"."SAMPLE_SCHOOL_COURSES" ADD CONSTRAINT "COURSE_REGISTERABLE_CC" CHECK (course_registerable IN ('Y', 'N')) ENABLE;
  ALTER TABLE "HR"."SAMPLE_SCHOOL_COURSES" ADD CONSTRAINT "COURSE_STUDENT_COUNT_CC" CHECK (course_student_count >= 0) ENABLE;
  ALTER TABLE "HR"."SAMPLE_SCHOOL_COURSES" MODIFY ("COURSE_TITLE" CONSTRAINT "COURSE_TITLE_NN" NOT NULL ENABLE);
--------------------------------------------------------
--  Constraints for Table SAMPLE_SCHOOL_DEPTS
--------------------------------------------------------

  ALTER TABLE "HR"."SAMPLE_SCHOOL_DEPTS" ADD CONSTRAINT "SCHOOL_DEPT_NAME_UK" UNIQUE ("DEPT_NAME")
  USING INDEX PCTFREE 10 INITRANS 2 MAXTRANS 255 COMPUTE STATISTICS 
  STORAGE(INITIAL 65536 NEXT 1048576 MINEXTENTS 1 MAXEXTENTS 2147483645
  PCTINCREASE 0 FREELISTS 1 FREELIST GROUPS 1 BUFFER_POOL DEFAULT FLASH_CACHE DEFAULT CELL_FLASH_CACHE DEFAULT)
  TABLESPACE "USERS"  ENABLE;
  ALTER TABLE "HR"."SAMPLE_SCHOOL_DEPTS" ADD PRIMARY KEY ("DEPT_NO")
  USING INDEX PCTFREE 10 INITRANS 2 MAXTRANS 255 COMPUTE STATISTICS 
  STORAGE(INITIAL 65536 NEXT 1048576 MINEXTENTS 1 MAXEXTENTS 2147483645
  PCTINCREASE 0 FREELISTS 1 FREELIST GROUPS 1 BUFFER_POOL DEFAULT FLASH_CACHE DEFAULT CELL_FLASH_CACHE DEFAULT)
  TABLESPACE "USERS"  ENABLE;
  ALTER TABLE "HR"."SAMPLE_SCHOOL_DEPTS" MODIFY ("DEPT_NAME" CONSTRAINT "SCHOOL_DEPT_NAME_NN" NOT NULL ENABLE);
--------------------------------------------------------
--  Constraints for Table SAMPLE_SCHOOL_PROFS
--------------------------------------------------------

  ALTER TABLE "HR"."SAMPLE_SCHOOL_PROFS" ADD PRIMARY KEY ("PROF_NO")
  USING INDEX PCTFREE 10 INITRANS 2 MAXTRANS 255 COMPUTE STATISTICS 
  STORAGE(INITIAL 65536 NEXT 1048576 MINEXTENTS 1 MAXEXTENTS 2147483645
  PCTINCREASE 0 FREELISTS 1 FREELIST GROUPS 1 BUFFER_POOL DEFAULT FLASH_CACHE DEFAULT CELL_FLASH_CACHE DEFAULT)
  TABLESPACE "USERS"  ENABLE;
  ALTER TABLE "HR"."SAMPLE_SCHOOL_PROFS" MODIFY ("PROF_POSITION" CONSTRAINT "PROF_POSITION_NN" NOT NULL ENABLE);
  ALTER TABLE "HR"."SAMPLE_SCHOOL_PROFS" MODIFY ("PROF_NAME" CONSTRAINT "PROF_NAME_NN" NOT NULL ENABLE);
--------------------------------------------------------
--  Constraints for Table SAMPLE_SCHOOL_STUDENTS
--------------------------------------------------------

  ALTER TABLE "HR"."SAMPLE_SCHOOL_STUDENTS" ADD PRIMARY KEY ("STUDENT_NO")
  USING INDEX PCTFREE 10 INITRANS 2 MAXTRANS 255 COMPUTE STATISTICS 
  STORAGE(INITIAL 65536 NEXT 1048576 MINEXTENTS 1 MAXEXTENTS 2147483645
  PCTINCREASE 0 FREELISTS 1 FREELIST GROUPS 1 BUFFER_POOL DEFAULT FLASH_CACHE DEFAULT CELL_FLASH_CACHE DEFAULT)
  TABLESPACE "USERS"  ENABLE;
  ALTER TABLE "HR"."SAMPLE_SCHOOL_STUDENTS" ADD CONSTRAINT "STUDENT_YEAR_CC" CHECK (student_year BETWEEN 1 AND 4) ENABLE;
  ALTER TABLE "HR"."SAMPLE_SCHOOL_STUDENTS" MODIFY ("STUDENT_YEAR" CONSTRAINT "STUDENT_YEAR_NN" NOT NULL ENABLE);
  ALTER TABLE "HR"."SAMPLE_SCHOOL_STUDENTS" MODIFY ("STUDENT_NAME" CONSTRAINT "STUDENT_NAME_NN" NOT NULL ENABLE);
--------------------------------------------------------
--  Constraints for Table SAMPLE_SCHOOL_REGS
--------------------------------------------------------

  ALTER TABLE "HR"."SAMPLE_SCHOOL_REGS" ADD CONSTRAINT "SAMPLE_SCHOOL_REGS_UK" UNIQUE ("COURSE_NO", "STUDENT_NO")
  USING INDEX PCTFREE 10 INITRANS 2 MAXTRANS 255 COMPUTE STATISTICS 
  STORAGE(INITIAL 65536 NEXT 1048576 MINEXTENTS 1 MAXEXTENTS 2147483645
  PCTINCREASE 0 FREELISTS 1 FREELIST GROUPS 1 BUFFER_POOL DEFAULT FLASH_CACHE DEFAULT CELL_FLASH_CACHE DEFAULT)
  TABLESPACE "USERS"  ENABLE;
  ALTER TABLE "HR"."SAMPLE_SCHOOL_REGS" ADD PRIMARY KEY ("REG_NO")
  USING INDEX PCTFREE 10 INITRANS 2 MAXTRANS 255 COMPUTE STATISTICS 
  STORAGE(INITIAL 65536 NEXT 1048576 MINEXTENTS 1 MAXEXTENTS 2147483645
  PCTINCREASE 0 FREELISTS 1 FREELIST GROUPS 1 BUFFER_POOL DEFAULT FLASH_CACHE DEFAULT CELL_FLASH_CACHE DEFAULT)
  TABLESPACE "USERS"  ENABLE;
  ALTER TABLE "HR"."SAMPLE_SCHOOL_REGS" ADD CONSTRAINT "REG_GRADE_CC" CHECK (reg_grade BETWEEN 0 AND 100) ENABLE;
  ALTER TABLE "HR"."SAMPLE_SCHOOL_REGS" ADD CONSTRAINT "REG_COMPLETED_CC" CHECK (reg_completed IN ('Y', 'N')) ENABLE;
  ALTER TABLE "HR"."SAMPLE_SCHOOL_REGS" ADD CONSTRAINT "REG_CANCELED_CC" CHECK (reg_canceled IN ('Y', 'N')) ENABLE;
--------------------------------------------------------
--  Ref Constraints for Table SAMPLE_SCHOOL_SUBJECTS
--------------------------------------------------------

  ALTER TABLE "HR"."SAMPLE_SCHOOL_SUBJECTS" ADD CONSTRAINT "SUBJECT_DEPT_NO_FK" FOREIGN KEY ("DEPT_NO")
	  REFERENCES "HR"."SAMPLE_SCHOOL_DEPTS" ("DEPT_NO") ENABLE;
--------------------------------------------------------
--  Ref Constraints for Table SAMPLE_SCHOOL_COURSES
--------------------------------------------------------

  ALTER TABLE "HR"."SAMPLE_SCHOOL_COURSES" ADD CONSTRAINT "COURSE_DEPT_NO_FK" FOREIGN KEY ("DEPT_NO")
	  REFERENCES "HR"."SAMPLE_SCHOOL_DEPTS" ("DEPT_NO") ENABLE;
  ALTER TABLE "HR"."SAMPLE_SCHOOL_COURSES" ADD CONSTRAINT "COURSE_PROF_NO_FK" FOREIGN KEY ("PROF_NO")
	  REFERENCES "HR"."SAMPLE_SCHOOL_PROFS" ("PROF_NO") ENABLE;
  ALTER TABLE "HR"."SAMPLE_SCHOOL_COURSES" ADD CONSTRAINT "COURSE_SUBJECT_NO_FK" FOREIGN KEY ("SUBJECT_NO")
	  REFERENCES "HR"."SAMPLE_SCHOOL_SUBJECTS" ("SUBJECT_NO") ENABLE;
--------------------------------------------------------
--  Ref Constraints for Table SAMPLE_SCHOOL_PROFS
--------------------------------------------------------

  ALTER TABLE "HR"."SAMPLE_SCHOOL_PROFS" ADD CONSTRAINT "PROF_DEPT_NO_FK" FOREIGN KEY ("DEPT_NO")
	  REFERENCES "HR"."SAMPLE_SCHOOL_DEPTS" ("DEPT_NO") ENABLE;
--------------------------------------------------------
--  Ref Constraints for Table SAMPLE_SCHOOL_STUDENTS
--------------------------------------------------------

  ALTER TABLE "HR"."SAMPLE_SCHOOL_STUDENTS" ADD CONSTRAINT "STUDENT_DEPT_NO_FK" FOREIGN KEY ("DEPT_NO")
	  REFERENCES "HR"."SAMPLE_SCHOOL_DEPTS" ("DEPT_NO") ENABLE;
--------------------------------------------------------
--  Ref Constraints for Table SAMPLE_SCHOOL_REGS
--------------------------------------------------------

  ALTER TABLE "HR"."SAMPLE_SCHOOL_REGS" ADD CONSTRAINT "REG_COURSE_NO_FK" FOREIGN KEY ("COURSE_NO")
	  REFERENCES "HR"."SAMPLE_SCHOOL_COURSES" ("COURSE_NO") ENABLE;
  ALTER TABLE "HR"."SAMPLE_SCHOOL_REGS" ADD CONSTRAINT "REG_STUDENT_NO_FK" FOREIGN KEY ("STUDENT_NO")
	  REFERENCES "HR"."SAMPLE_SCHOOL_STUDENTS" ("STUDENT_NO") ENABLE;
